{
  "mcp-grammar/metrics.py": 1775713895.3575206,
  "mcp-grammar/telemetry.py": 1775848752.0767665,
  "mcp-grammar/main.py": 1775814163.9624047,
  "mcp-grammar/middleware.py": 1775713905.7766695,
  "mcp-grammar/logging_setup.py": 1775742593.0979939,
  "mcp-grammar/tests/conftest.py": 1775836938.262885,
  "mcp-grammar/tests/test_db.py": 1775836946.2962353,
  "mcp-grammar/models/__init__.py": 1775782534.8832364,
  "mcp-grammar/models/schemas.py": 1775782544.9527948,
  "mcp-grammar/scripts/export_contributions.py": 1775848489.7735617,
  "mcp-grammar/scripts/import_knowledge.py": 1775848544.0106525,
  "mcp-grammar/scripts/package_contribution.py": 1775848736.3246534,
  "mcp-grammar/scripts/merge_contributions.py": 1775848706.6930826,
  "mcp-grammar/routes/__init__.py": 1775652407.462287,
  "mcp-grammar/routes/traverse.py": 1775782592.3445594,
  "mcp-grammar/routes/admin.py": 1775842086.005795,
  "mcp-grammar/services/db.py": 1775836965.2205303,
  "mcp-grammar/services/graph.py": 1775782577.791864,
  "mcp-grammar/services/__init__.py": 1775652407.4623256,
  "mcp-grammar/services/seed.py": 1775814128.5566783,
  "mcp-grammar/services/embeddings.py": 1775782218.1224513,
  "app/metrics.py": 1775726325.1144493,
  "app/telemetry.py": 1775677777.2243133,
  "app/main.py": 1775881667.6627812,
  "app/middleware.py": 1775713898.9247816,
  "app/logging_setup.py": 1775742589.6776335,
  "app/frontend/tailwind.config.ts": 1775500105.1176388,
  "app/frontend/vite.config.ts": 1775914340.1748095,
  "app/frontend/postcss.config.js": 1775500094.8659613,
  "app/frontend/src/App.tsx": 1775809374.4878874,
  "app/frontend/src/main.tsx": 1775500122.3829675,
  "app/frontend/src/vite-env.d.ts": 1775813454.1458664,
  "app/frontend/src/config/ui.ts": 1775654421.2238245,
  "app/frontend/src/components/KapampanganText.tsx": 1775500287.0659425,
  "app/frontend/src/components/ScenarioSelector.tsx": 1775654427.999643,
  "app/frontend/src/components/InputBar.tsx": 1775500311.9477735,
  "app/frontend/src/components/Grammar.tsx": 1775500446.5465803,
  "app/frontend/src/components/Translate.tsx": 1775652990.7649236,
  "app/frontend/src/components/Home.tsx": 1775677502.7880297,
  "app/frontend/src/components/BottomNav.tsx": 1775654497.461669,
  "app/frontend/src/components/SidePanel.tsx": 1775654438.2875066,
  "app/frontend/src/components/ChatWindow.tsx": 1775654350.29946,
  "app/frontend/src/components/MessageBubble.tsx": 1775809433.7970698,
  "app/frontend/src/components/Vocabulary.tsx": 1775783188.057654,
  "app/frontend/src/components/Chat.tsx": 1775654355.237659,
  "app/frontend/src/components/TypingIndicator.tsx": 1775500291.988036,
  "app/frontend/src/components/Compare.tsx": 1775823257.6585634,
  "app/frontend/src/components/Admin.tsx": 1775814272.6436107,
  "app/frontend/src/lib/lookup.ts": 1775512405.4860234,
  "app/frontend/src/data/vocabulary.ts": 1775512994.147614,
  "app/frontend/src/data/grammar.ts": 1775524993.232258,
  "app/frontend/src/services/api.ts": 1775823181.849389,
  "app/frontend/src/store/vocabulary.ts": 1775783079.7549691,
  "app/frontend/src/store/conversation.ts": 1775783216.124929,
  "app/tests/test_feedback.py": 1775828242.3373225,
  "app/tests/conftest.py": 1775828161.7761853,
  "app/tests/test_llm_utils.py": 1775828297.3248048,
  "app/tests/test_tool_router.py": 1775854927.7731702,
  "app/tests/test_db.py": 1775836069.975609,
  "app/tests/__init__.py": 1775828158.8794713,
  "app/tests/test_chat.py": 1775828222.839074,
  "app/tests/test_vocab.py": 1775828260.625194,
  "app/tests/test_health.py": 1775828197.931464,
  "app/tests/test_export.py": 1775828277.934858,
  "app/models/__init__.py": 1775652407.4621608,
  "app/models/schemas.py": 1775742451.3085892,
  "app/scripts/export_training_data.py": 1775782939.0870128,
  "app/routes/vocab.py": 1775854775.9559572,
  "app/routes/health.py": 1775742474.685334,
  "app/routes/feedback.py": 1775782777.071501,
  "app/routes/__init__.py": 1775652407.462059,
  "app/routes/export.py": 1775782866.4742339,
  "app/routes/admin_knowledge.py": 1775814189.2164285,
  "app/routes/chat.py": 1775914202.3697298,
  "app/services/db.py": 1775836062.1091783,
  "app/services/feedback.py": 1775854778.0207121,
  "app/services/__init__.py": 1775652407.4621153,
  "app/services/llm.py": 1775914156.392458,
  "app/services/tool_router.py": 1775742643.897252,
  "app/services/interactions.py": 1775782701.0138693,
  "app/services/knowledge.py": 1775854776.8627279,
  "app/services/history.py": 1775726329.2990124,
  "mcp-vocabulary/metrics.py": 1775713895.3529215,
  "mcp-vocabulary/telemetry.py": 1775848750.9712515,
  "mcp-vocabulary/main.py": 1775814153.8804605,
  "mcp-vocabulary/middleware.py": 1775713902.6537328,
  "mcp-vocabulary/logging_setup.py": 1775742593.0958629,
  "mcp-vocabulary/tests/conftest.py": 1775836107.0905306,
  "mcp-vocabulary/tests/test_db.py": 1775836117.488434,
  "mcp-vocabulary/models/__init__.py": 1775782339.2048435,
  "mcp-vocabulary/models/schemas.py": 1775782349.8237813,
  "mcp-vocabulary/scripts/export_contributions.py": 1775848471.4683475,
  "mcp-vocabulary/scripts/import_knowledge.py": 1775848519.2920394,
  "mcp-vocabulary/scripts/package_contribution.py": 1775848722.3523214,
  "mcp-vocabulary/scripts/merge_contributions.py": 1775848677.3618238,
  "mcp-vocabulary/routes/lookup.py": 1775782403.1301415,
  "mcp-vocabulary/routes/__init__.py": 1775652407.4622064,
  "mcp-vocabulary/routes/admin.py": 1775842009.5432355,
  "mcp-vocabulary/services/db.py": 1775836914.0943046,
  "mcp-vocabulary/services/index.py": 1775782384.8212476,
  "mcp-vocabulary/services/__init__.py": 1775652407.462248,
  "mcp-vocabulary/services/seed.py": 1775814113.4587677,
  "mcp-vocabulary/services/embeddings.py": 1775782212.9790251,
  "ARCHITECTURE.md": 1775917038.7245066,
  "README.md": 1775917011.455503,
  "AGENTS.md": 1775823404.3541052,
  "CLAUDE.md": 1775855449.4886017,
  "mcp-grammar/requirements.txt": 1775782228.6844883,
  "mcp-grammar/requirements-test.txt": 1775836929.6887937,
  "mcp-grammar/CLAUDE.md": 1775858395.651253,
  "mcp-grammar/data/PROVENANCE.md": 1775840236.593709,
  "app/requirements.txt": 1775823023.2358768,
  "app/requirements-test.txt": 1775828093.425595,
  "app/CLAUDE.md": 1775913685.8027036,
  "app/config/system_prompt.md": 1775827456.2944968,
  "mcp-vocabulary/requirements.txt": 1775782225.2028477,
  "mcp-vocabulary/requirements-test.txt": 1775836465.9093318,
  "mcp-vocabulary/CLAUDE.md": 1775858390.2909532,
  "mcp-vocabulary/data/PROVENANCE.md": 1775809871.4470766
}